{"rec": "STRONG_SELL", "buy": 1, "sell": 15, "neutral": 10, "osc": "NEUTRAL", "ma": "STRONG_SELL", "rsi": 35.74922719877655, "macd_hist": -6.299378938011728, "ts": 1779200462}