{"rec": "SELL", "buy": 3, "sell": 13, "neutral": 10, "osc": "NEUTRAL", "ma": "STRONG_SELL", "rsi": 35.93343499377286, "macd_hist": -1.304812919906425, "ts": 1779225893}