{"rec": "BUY", "buy": 11, "sell": 6, "neutral": 9, "osc": "BUY", "ma": "BUY", "rsi": 55.116298665674506, "macd_hist": -0.7450991416585566, "ts": 1779298296}