{"rec": "NEUTRAL", "buy": 9, "sell": 10, "neutral": 7, "osc": "NEUTRAL", "ma": "NEUTRAL", "rsi": 53.322429655824145, "macd_hist": -0.3720875417737659, "ts": 1779343509}