{"rec": "NEUTRAL", "buy": 9, "sell": 7, "neutral": 10, "osc": "BUY", "ma": "NEUTRAL", "rsi": 53.574772959049895, "macd_hist": -0.5144839828643057, "ts": 1779327141}