{"rec": "NEUTRAL", "buy": 9, "sell": 8, "neutral": 9, "osc": "NEUTRAL", "ma": "NEUTRAL", "rsi": 49.65917317835006, "macd_hist": -0.809714526273936, "ts": 1779292892}