{"rec": "SELL", "buy": 5, "sell": 11, "neutral": 10, "osc": "NEUTRAL", "ma": "STRONG_SELL", "rsi": 40.21297711134496, "macd_hist": -5.885304601997291, "ts": 1779225893}