{"rec": "SELL", "buy": 2, "sell": 14, "neutral": 10, "osc": "NEUTRAL", "ma": "STRONG_SELL", "rsi": 39.72277238360012, "macd_hist": -696.2900730796682, "ts": 1779198845}