{"rec": "SELL", "buy": 2, "sell": 14, "neutral": 10, "osc": "BUY", "ma": "STRONG_SELL", "rsi": 35.49464075505196, "macd_hist": -1.378302376793684, "ts": 1779199692}