{"rec": "NEUTRAL", "buy": 9, "sell": 9, "neutral": 8, "osc": "NEUTRAL", "ma": "NEUTRAL", "rsi": 54.71173203383727, "macd_hist": -0.2584466834616279, "ts": 1779350568}