{"rec": "NEUTRAL", "buy": 8, "sell": 10, "neutral": 8, "osc": "SELL", "ma": "NEUTRAL", "rsi": 53.25244154720278, "macd_hist": -0.2720079370228774, "ts": 1779357774}