{"rec": "SELL", "buy": 2, "sell": 14, "neutral": 10, "osc": "NEUTRAL", "ma": "STRONG_SELL", "rsi": 37.63848432233285, "macd_hist": -6.123880362513205, "ts": 1779204748}