{"rec": "SELL", "buy": 2, "sell": 14, "neutral": 10, "osc": "NEUTRAL", "ma": "STRONG_SELL", "rsi": 34.927876196266325, "macd_hist": -1.3838864223777279, "ts": 1779204748}