{"rec": "NEUTRAL", "buy": 8, "sell": 9, "neutral": 9, "osc": "NEUTRAL", "ma": "SELL", "rsi": 50.717226995189094, "macd_hist": -0.5432019315822458, "ts": 1779321712}