{"rec": "SELL", "buy": 3, "sell": 14, "neutral": 9, "osc": "NEUTRAL", "ma": "STRONG_SELL", "rsi": 35.29017490938101, "macd_hist": -0.002020929376339742, "ts": 1779225893}