{"rec": "NEUTRAL", "buy": 10, "sell": 9, "neutral": 7, "osc": "NEUTRAL", "ma": "NEUTRAL", "rsi": 56.46711524544347, "macd_hist": -0.34257187225809105, "ts": 1779336150}