{"rec": "SELL", "buy": 5, "sell": 12, "neutral": 9, "osc": "NEUTRAL", "ma": "SELL", "rsi": 47.39372794219879, "macd_hist": -0.3310392760542129, "ts": 1779361410}