{"rec": "SELL", "buy": 2, "sell": 14, "neutral": 10, "osc": "NEUTRAL", "ma": "STRONG_SELL", "rsi": 36.523444641056436, "macd_hist": -720.7202725098614, "ts": 1779204748}