{"rec": "SELL", "buy": 2, "sell": 15, "neutral": 9, "osc": "NEUTRAL", "ma": "STRONG_SELL", "rsi": 34.21380448725208, "macd_hist": -0.0020099391021647928, "ts": 1779204748}