{"rec": "SELL", "buy": 7, "sell": 11, "neutral": 8, "osc": "SELL", "ma": "SELL", "rsi": 48.538773947837, "macd_hist": -0.6827020447845626, "ts": 1779314656}