{"rec": "NEUTRAL", "buy": 10, "sell": 9, "neutral": 7, "osc": "NEUTRAL", "ma": "NEUTRAL", "rsi": 57.22985230097686, "macd_hist": -0.3337969434831649, "ts": 1779339753}