{"rec": "NEUTRAL", "buy": 9, "sell": 9, "neutral": 8, "osc": "NEUTRAL", "ma": "NEUTRAL", "rsi": 55.75520829606044, "macd_hist": -0.2472785922935259, "ts": 1779354172}