{"rec": "SELL", "buy": 5, "sell": 11, "neutral": 10, "osc": "NEUTRAL", "ma": "STRONG_SELL", "rsi": 42.17163234998616, "macd_hist": -650.998875223202, "ts": 1779225892}