{"rec": "SELL", "buy": 2, "sell": 15, "neutral": 9, "osc": "NEUTRAL", "ma": "STRONG_SELL", "rsi": 34.16461724562055, "macd_hist": -0.0020107368229625028, "ts": 1779201222}