{"rec": "NEUTRAL", "buy": 9, "sell": 9, "neutral": 8, "osc": "NEUTRAL", "ma": "NEUTRAL", "rsi": 53.15729877423118, "macd_hist": -0.373682983369207, "ts": 1779348766}