{"rec": "SELL", "buy": 2, "sell": 14, "neutral": 10, "osc": "NEUTRAL", "ma": "STRONG_SELL", "rsi": 39.033307986464756, "macd_hist": -701.0476799172611, "ts": 1779199212}