{"rec": "SELL", "buy": 2, "sell": 14, "neutral": 10, "osc": "BUY", "ma": "STRONG_SELL", "rsi": 35.20742060939173, "macd_hist": -31.389797450562583, "ts": 1779199213}